"医療法","医療法は、医療を受ける者の利益の保護、および良質かつ適切な医療を効率的に提供する体制の確保を図り、もって国民の健康の保持に寄与することを目的とした法律である。
具体的には、医療提供の理念、医療に関する選択の支援、医療の安全の確保、医療施設の人的・物的条件、医療計画等医療提供体制の確保などに関する事項が規定されている。"
"薬事法","薬事法は、医薬品・医薬部外品・化粧品および医療機器の品質・有効性および安全性の確保のために必要な規制を行うとともに、指定薬物の規制に関する措置を講じるほか、医薬品および医療機器の研究開発の促進のために必要な措置を講ずることにより、保健衛生の向上を図ることを目的とした法律である。"
"健康増進法","健康増進法は、国民の健康の増進の総合的な推進に関して基本的な事項を定めるとともに、国民の栄養の改善その他の国民の健康の増進を図るための措置を講じて、国民保健の向上を図ることを目的とした法律である。
具体的には、健康診査の実施、国民健康・栄養調査等、生活習慣相談・栄養指導等、受動喫煙の防止などが規定されている。"
"高齢者の医療の確保に関する法律（高齢者医療確保法）","高齢者の医療の確保に関する法律は、国民の高齢期における適切な医療の確保を図るため、医療費適正化推進計画の作成、保険者による健康診査、前期高齢者に係る保険者間の費用負担の調整、後期高齢者医療制度の創設などについて定めた法律である。
1983年に施行された老人保健法の趣旨を踏襲しつつ発展させることを目的として、2006年の医療制度改革のなかで全面的な改正が行われ、2008年改正法の施行により法律名が高齢者の医療の確保に関する法律となった。この法律により75歳以上（一定の障害のある人は65歳以上）の人を被保険者とする後期高齢者医療制度が新設された。"
"健康保険法","健康保険法は、労働者の業務外の事由による疾病・負傷・死亡または出産、および家族（被扶養者）の疾病・負傷・死亡・出産に関して保険給付を行い、国民の生活の安定と福祉の向上に寄与することを目的として法律である。健康保険は、組合管掌健康保険と全国健康保険協会管掌健康保険（協会けんぽ）の2つに分けられる。健康保険は、被用者保険の1つである。"
"国民健康保険法","国民健康保険法は、被用者保険（健康保険法、船員保険法、共済組合法などで定める保険）でカバーされない一般国民を対象とする医療保険である国民健康保険について定めた法律である。保険者は原則として市町村および特別区であるが、国民健康保険組合も保険者となることができる。主な被保険者は、被用者保険による給付の対象とならない農業従事者、自営業者、無職者などであるが、零細企業の労働者も含まれる。"
"保険医療機関及び保険医療養担当規則（療養担当規則）","保険医療機関及び保険医療養担当規則は、医療保険における療養の給付を担当する病院・診療所（これを保険医療機関という）や、保険医療機関において療養の給付としての診療に従事する医師・歯科医師（これを保険医という）が、保険診療を行うにあたって守らなければならない基本的な事項を定めた厚生労働省令である。すなわち、日本の保険医療は、保険医や保険医療機関が、この療養担当規則に基づいて保険診療や保険請求を行うことによって成り立っている。"
"介護保険法","介護保険法は、要介護状態または要支援状態となり、介護、機能訓練ならびに看護および療養上の管理等の医療を要する者について、これらの者がその有する能力に応じて自立した日常生活を営むことができるよう、必要な保健医療サービスおよび福祉サービスを行い、保健医療の向上および福祉の増進を図ることを目的とした法律である。"
"医師法","医師法は、医師の任務、免許、試験、臨床研修、業務などを定めた法律である。医師の業務としては、業務と名称の独占、応召義務（診察治療の求めに応じる義務）、証明文書の交付義務、無診察治療等の禁止、処方せんの交付義務、保健指導の義務、診療録の記載義務などが規定されている。"
"薬剤師法","剤師法は、薬剤師の任務、免許、試験、業務などを定めた法律である。薬剤師の業務としては、業務独占と名称独占、調剤の求めに応ずる義務、処方せんに基づく調剤、薬剤の用法等の表示、薬剤に関する情報の提供、処方せんの保存義務などが規定されている。"
"保健師助産師看護師法（保助看法）","保健師助産師看護師法（保助看法という場合もある）は、保健師・助産師・看護師・准看護師の定義、免許、試験、業務などを定めた法律である。業務としては、業務独占と名称独占（保健師は名称独占のみ）、業務に従事する者の届出義務、業務範囲を守る義務、本来の業務のほかに行える業務、守秘義務（助産師のみ刑法で規定）などが規定されている。"
"病院","病院とは、医療法によって、医師または歯科医師が、公衆または特定多数人のために、医業または歯科医業を行う場所であって、20人以上の患者を入院させるための施設があるものと定義されている。また、病院は、傷病者が科学的で適正な診療を受けることができる便宜を与えることを主な目的として組織され、運営されるものでなければならないとされている。なお、病院の病床は、精神病床・感染症病床・結核病床・療養病床および一般病床に区分されている。"
"診療所","診療所とは、医療法によって、医師または歯科医師が、公衆または特定多数人のために、医業または歯科医業を行う場所であって、患者を入院させるための施設がないもの、または19人以下の患者を入院させるための施設があるものと定義されている。診療所は、一般診療所と歯科診療所に区分される。"
"保健所","保健所は、地域住民の健康や衛生を支えるために設置される公的機関の１つである。保健所は、地域保健法に基づいて、都道府県、地方自治法の指定都市、中核市その他の政令で定める市、または東京都の特別区が設置する。保健所が行う代表的な業務は、地域住民に対する保健指導または保健サービス、食品衛生・環境衛生・薬事衛生などである。"
"市町村保健センター","市町村保健センターは、地域保健法に基づき、市町村によって設置される施設である。地域住民に対し、健康相談・保健指導および健康診査その地域保健に関して必要な事業を行うことを目的とする施設である。"
"福祉事務所","福祉事務所は、社会福祉法に基づいて設置される福祉に関する事務所で、福祉六法（生活保護法、児童福祉法、母子及び寡婦福祉法、老人福祉法、身体障害者福祉法、および知的障害者福祉法）に定める援護、育成または更生の措置に関する事務を司る第一線の社会福祉行政機関である。都道府県および市（特別区を含む）は、条例で、福祉事務所を設置しなければならない。町村は、条例で、福祉事務所を設置することができる。"
"社会保障制度","社会保障制度とは、疾病・負傷・分娩・障害・死亡・老齢・失業・多子その他困窮の原因に対し、保険的方法または直接公の負担において、経済保障の途を講じ、生活困窮に陥った者に対しては、国家扶助によって、最低限度の生活を保障するとともに、公衆衛生および社会福祉の向上を図り、もってすべての国民が文化的社会の成員たるに値する生活を営むことができるようにする制度のことである。
具体的には、社会保障制度は、社会保険・公的扶助を含む社会福祉・公衆衛生を柱として構成される。"
"医療制度","医療制度とは、医療を提供する仕組み、あるいは医療を受ける仕組みのことである。WHOでは、医療制度の目標は、「高い健康水準」、「国民の期待への対応」、「公平な財政負担」の3つであるとしている。日本の医療制度の特徴は、国民皆保険制度、現物給付方式、フリーアクセス（患者が、どの医療機関でも自由に選択して受診できること）の3つであるといわれている。"
"国民皆保険","国民皆保険とは、すべての国民をなんらかの公的な医療保険に加入させ、国民が疾病や障害となった場合に、加入した医療保険を用いて医療給付を受けられるようにする仕組みのことである。国民皆保険制度は、医療保険の加入者が保険料を出し合い、疾病や障害になったとき安心して医療が受けられるようにするもので、相互扶助の精神に基づいている。"
"現物給付","現物給付とは、社会保険や公的扶助で給付を行う際、医療の給付や施設の利用、サービスの提供などのように、金銭以外の方法で行う給付のことをいう。医療の場合の現物給付には、本人への療養の給付、退職後の継続療養の給付、家族への家族療養費などがある。"
"現金給付","現金給付とは、社会保険や公的扶助で給付を行う際、現金で給付することをいう。医療の場合の現金給付には、療養費、家族療養費、高額療養費、家族高額療養費、傷病手当金、分娩費、配偶者分娩費、出産手当金、育児手当金、配偶者育児手当金、埋葬料、家族埋葬料などがある。"
"医療保険制度","医療保険（制度）は、疾病、負傷、死亡、分娩などに対して、保険者が保険給付を行う制度である。現在、日本の医療保険は、被用者保険と国民健康保険、および後期高齢者医療に大別される。被用者保険は健康保険、船員保険、共済組合で、国民健康保険は、一般地域住民を被保険者とする市町村の国民健康保険が中心である。"
"保険診療","保険診療とは、健康保険法、保険医療機関及び保険医療養担当規則、治療指針等の法的な規程等にしたがって、国民全員が加入する医療保険が適用される診療のことである。保険診療を行う医療機関や医師・薬剤師は、それぞれ厚生労働大臣から保険医療機関、保険医・保険薬剤師の指定を受けなければならない。保険診療の診療内容は法的な制限を受け、診療費も診療報酬という公定価格となっており、診療の金額を医療機関が独自に変更したり、割り引いたりすることはできない。診療費用は、患者の一部自己負担以外の部分は保険者が支払う。"
"診療報酬","診療報酬とは、保険医療機関や保険薬局が保険医療サービスの対価として保険者から受け取る報酬のことである。検査・手術・投薬などの診療行為や医薬品ごとに決まっている公定価格から算出して支払う出来高払い方式と、一定範囲の診療行為の報酬を定額で支払う包括払い方式とがある。出来高払い方式の公定価格は点数で表示され、原則として2年に一度改定される。"
"被用者保険","被用者保険は、医療保険のうち職域を基盤とするもので、サラリーマンなどの被用者とその扶養家族を対象とする保険の総称である。被用者保険には、主として中小企業の被用者を対象とする全国健康保険協会管掌健康保険、主として大企業の被用者を対象とする組合管掌健康保険、船員を対象とする船員保険、公務員および私立学校教職員を対象とする各種共済組合がある。"
"組合管掌健康保険","組合管掌健康保険は、事業主が単独または共同で設立した健康保険組合が運営する健康保険で、従業員が被保険者となる。健康保険組合を設立する際は、被保険者となる従業員の過半数の同意を得たうえで規約をつくり、厚生労働大臣の許可を受けなければならない。"
"全国健康保険協会管掌健康保険（協会けんぽ）","全国健康保険協会管掌健康保険は、健康保険組合がない事業所で働く労働者を被保険者とする健康保険である。協会けんぽと通称している。社会保険庁が運営していた政府管掌健康保険を、2008年10月に全国健康保険協会が引き継いで運営を開始した。"
"船員保険","船員保険は、船員法に規定する船員として船舶所有者に使用される者を対象とする医療保険である。船員保険の保険給付は、基本的には健康保険と同内容であるが、労働災害補償保険の上乗せや、船員保険特有の給付が認められている。"
"共済組合","共済組合は、同種の職業または同一の事業などに従事する者の相互扶助を目的とする団体で、組合員の疾病・負傷・死亡・退職などに際し、一定の給付を行っている。国家公務員、地方公務員、私立学校教職員が作る組織で、それぞれが加入する健康保険、年金保険の保険者である。"
"国民健康保険","国民健康保険は、国民健康保険法に基づいて被保険者の疾病、負傷、出産または死亡について必要な保険給付を行い、社会保障および国民保健の向上に寄与することを目的とした医療保険である。主として市町村（または特別区）が運営し、健康保険の適用を受けない自営業者・非正規雇用者・無職者などを対象とする。"
"診療報酬請求","診療報酬請求とは、保険医療機関や保険薬局が患者（被保険者）に施した医療のうち、診療報酬点数表で定められた医療行為（検査や処置や手術など）および点数（原則として1点＝10円）を診療報酬明細書に記載し、審査支払機関（社会保険診療報酬支払基金もしくは国民健康保険団体連合会）に請求することをいう。審査支払機関は記載内容を点検し、問題なければ診療報酬明細書を健康保険組合などの保険者に送る。保険者は審査支払機関を通じて、患者の自己負担分を差し引いた金額を保険医療機関や保険薬局に支払う。"
"診療報酬明細書（レセプト）","診療報酬明細書とは、保険医療機関が保険者（市町村や健康保険組合など）に、患者が受けた診療の報酬を請求する際の明細書のことである。診療報酬明細書は、保険医療機関が被保険者ごとに月単位で作成する。保険医療機関は、診療報酬明細書を作成後、国民健康保険および後期高齢者医療制度の被保険者の場合は都道府県ごとに置かれている国民健康保険団体連合会へ、社会保険の被保険者の場合は社会保険診療報酬支払基金へ提出する。"
"保険医療機関","保険医療機関は、保険医療機関及び保険医療養担当規則に基づいて、医療保険における療養の給付を担当する病院・診療所のことである。保険医療機関において、療養の給付としての診療に従事する医師・歯科医師を保険医という。"
"審査支払機関","審査支払機関とは、保険医療機関や保険薬局から提出された医療費の請求が正しいかどうかを審査した上で、健康保険組合（保険者）などに医療費を請求し、健康保険組合から支払われた医療費を保険医療機関や保険薬局に支払う業務を行っている機関で、「社会保険診療報酬支払基金」と「国民健康保険団体連合会」の2つがある。"
"査定","査定とは、保険医療機関や保険薬局から審査支払機関に提出される診療報酬明細書に記載された医療費の請求額を減額・減点することである。査定する理由は、過剰請求、不当請求、不必要な診療行為に対する請求などである。"
"返戻","返戻とは、保険医療機関や保険薬局から審査支払機関に提出される診療報酬明細書に記載された内容に不備があるなどの理由によって、審査支払機関が保険医療機関や保険薬局に診療報酬明細書を差し戻すことをいう。"
"保険者","保険者とは、保険契約に基づいて保険料を徴収し、保険事故が発生したときに保険金を支払う義務を負う者のことであるが、公的医療保険の場合は、医療保険事業の運営主体（運営者）のことを保険者という。
具体的には、組合管掌健康保険の保険者は健康保険組合、全国健康保険協会管掌健康保険の保険者は全国健康保険協会、国民健康保険の保険者は市町村・特別区と国民健康保険組合となっている。"
"被保険者","被保険者とは、保険事故が発生したときに保険金の支払いを受ける権利をもつ者で、公的医療保険の場合は、病気やけがなどをしたときに、必要な保険給付を受けることができる人のことである。"
"公費負担","公費負担（医療）とは、医療費の全額もしくは一部を国・都道府県・市町村、または公的管理された基金が負担する医療制度のことである。国の公費負担医療には、法律によるものと予算措置によるものとがあるが、法律による主要なものは次表のとおりである。"
"一部負担金","一部負担金とは、病気やけがをして保険医療機関等で診療を受けたとき、窓口に健康保険証を提示して支払う金額のことである。かかった医療費の大部分は医療保険で支払われ、患者が窓口で支払う金額は、かかった医療費の一部であることから一部負担金という。"
"包括評価","包括評価とは、医療費を計算するときに、患者に提供された一つ一つの診療行為の費用（点数）を合計していく（出来高評価）のではなく、病名の分類などに基づいてあらかじめ設定された1日あたりの金額を基本にして計算する方式のことである。
わが国で用いられている分類は、DPCといわれるもので、約1,600の診断群に分類されている。このDPCに基づく支払方式（DPC/PDPS：Diagnosis Procedure Combination / Per-Diem Payment System）は、DPC対象病院の入院診療で用いられている。PDPSを付加せず、DPCのみを支払方式の呼称とするのは誤用である。"
"医療費","医療費とは、保健および医療に投じられた費用のことであるが、国民医療費を省略して医療費ということもある。国民医療費は、1年間に国民が保健および医療に投じた費用の合計で、公的支出（社会保障支出）と個人支出（自己負担）の両方を含んでいる。"
"医療提供施設","医療提供施設とは、広義には、医療を提供する施設という意味で、鍼灸院、マッサージ院、整骨院、接骨院なども含めるが、狭義には、医療法で規定された、病院、診療所、介護老人保健施設、調剤を実施する薬局等をいう。なお、医療提供施設と同義の用語として医療機関という用語が使われる場合もあるが、法律上は医療機関という用語はなく、また医療機関は保険医療機関を指す場合が多い。"
"地域医療計画","地域医療計画とは、単に医療計画、あるいは保健医療計画とも言われ、地域における医療を提供する体制の確保に関する計画のことである。医療法第30条によって、都道府県は、医療計画を作成し、5年ごとに見直さなければならないことになっている。
【発展】5年ごとに見直さなければならない項目は、①基準病床数、②二次医療圏、三次医療圏の設定、③地域医療支援病院の整備、④病院、診療所、薬局等の機能、および連携の推進、⑤僻地医療、救急医療の確保、⑥医療従事者の確保、⑦その他、医療供給体制の確保についての計画の作成の7点である。"
"医療圏","医療圏とは、都道府県が病床の整備を図るにあたって設定する地域的単位のことである。通常、一次医療圏（身近な医療を提供する医療圏で、おおむね市町村を単位として設定されている。）、二次医療圏（特殊な医療を除く一般的な医療を提供する医療圏で、地理的条件等の自然的条件、および日常生活の需要の充足状況、交通事情等の社会的条件を考慮して、一体の区域として病院における入院に係る医療を提供する体制の確保を図ることが相当と認められるものを単位として設定されている。）、三次医療圏（最先端、高度な技術を提供する特殊な医療を提供する医療圏で、おおむね都道府県の区域を単位として設定されている。）に分けられる。"
"介護保険制度","介護保険制度とは、加齢にともなう病気などにより介護を必要とする状態になっても、尊厳を保持し、できる限り自立した日常生活を送れるよう、社会保険方式により、利用者の選択に基づいて、必要なサービスを総合的かつ一体的に提供する仕組みのことである。"
"要介護度","要介護度とは、要介護認定によって判定される介護を必要とする程度を表した区分のことで、正式には、要介護状態区分という。現在、要介護認定では、利用者の要介護状態（要介護度）を要介護1～5、要支援1～2、自立（非該当）の8つに区分している。"
"介護認定（要介護認定）","介護認定（要介護認定）は、介護保険の給付を受けるために、利用者（被保険者）が介護を要する状態であるかを市町村（保険者）が認定することである。介護認定を受けようとする利用者は、市町村に要介護認定の申請を行う。申請を受けた市町村は、調査員による認定調査結果、主治医の意見書によって一次判定を行い、さらに一次判定結果、認定調査結果、主治医の意見書を介護認定審査会において総合的に判断して要介護度を判定する（二次判定）。市町村は、二次判定の結果を利用者に通知する。"
"介護サービス","介護サービスとは、介護保険法によって給付されるサービスのことで、訪問介護、通所介護などの「在宅（居宅）サービス」と、介護保険施設に入所して受ける「施設サービス」の2つがある。"
"ケアプラン（介護サービス計画）","ケアプランとは、要介護認定を受けた利用者の希望や必要性と利用限度額や回数に基づいて作成する介護サービスの計画のことである。ケアプランは、自分で作成してもよいが、居宅介護支援事業者や介護支援専門員（ケアマネージャ）に作成を依頼することも可能である。"
"医師","医師とは、医師法によって、医療および保健指導をつかさどることによって、公衆衛生の向上および増進に寄与し、もって国民の健康な生活を確保することを任務とする者と規定されている国家資格である。医師法には、医師でなければ医業をなしてはならないと規定されている（医師の業務独占）。また、医師でなければ、医師またはこれに類似する名称を用いてはならないことが規定されている（医師の名称独占）。その一方で、医師の義務として、応召義務、診断書の交付義務、無診察治療等の禁止、処方せんの交付義務、保健指導の義務、診療録の記載義務などが規定されている。他にも、医師の守秘義務が刑法に規定されている。
【発展】医業とは、一般に、当該行為を行うにあたって、医師の医学的判断および技術をもってするのでなければ人体に危害を及ぼし、または危害を及ぼす恐れのある行為（医行為という）を、反復継続する意思をもって行うことであると規定されている。"
"歯科医師","歯科医師とは、歯科医師法によって、歯科医療および保健指導をつかさどることによって、公衆衛生の向上および増進に寄与し、もって国民の健康な生活を確保することを任務とする者と規定されている国家資格である。歯科医師法には、歯科医師でなければ歯科医業をなしてはならないと規定されている（歯科医師の業務独占）。また、歯科医師でなければ、歯科医師またはこれに類似する名称を用いてはならないことが規定されている（歯科医師の名称独占）。その一方で、歯科医師の義務として、応召義務、診断書の交付義務、無診察治療等の禁止、処方せんの交付義務、保健指導の義務、診療録の記載義務などが規定されている。他にも、歯科医師の守秘義務が刑法に規定されている。"
"薬剤師","薬剤師とは、薬剤師法によって、調剤・医薬品の供給その他薬事衛生をつかさどることによって、公衆衛生の向上および増進に寄与し、もって国民の健康な生活を確保することを任務とする者と規定されている国家資格である。薬剤師法には、薬剤師でない者は、販売または授与の目的で調剤してはならないことが規定されている（薬剤師の業務独占）。また、薬剤師でなければ、薬剤師またはこれに類似する名称を用いてはならないことが規定されている（薬剤師の名称独占）。その一方で、薬剤師の義務として、調剤の求めに応ずる義務、処方せんによる調剤の義務、薬剤の用法等の表示義務、薬剤に関する情報提供の義務、守秘義務などが規定されている。他にも、薬剤師の守秘義務が刑法に規定されている。"
"保健師","保健師は、保健師助産師看護師法によって、保健師の名称を用いて保健指導に従事することを業とする者と規定されている国家資格である。保健師には、保健師助産師看護師法によって守秘義務が定められている。
【発展】保健師以外でも保健指導は行えるが、保健師でなければ保健師またはこれに類似する名称を用いてはならないと定められている（保健師の名称独占）。保健師は、主治医や保健所長の指示に従って業務を行う義務がある。"
"助産師","助産師は、保健師助産師看護師法によって、助産、または妊婦・褥（じょく）婦もしくは新生児の保健指導を行うことを業とする女子と規定されている国家資格である。助産師には、刑法によって守秘義務が定められている。
【発展】助産、または妊婦・褥婦もしくは新生児の保健指導などの業務は、助産師でなければ行うことはできないと定められている（助産師の業務独占）。また、助産師でなければ、助産師またはこれに類似する名称を用いてはならないと定められている（助産師の名称独占）。"
"看護師","看護師は、保健師助産師看護師法によって、傷病者や褥（じょく）婦に対する療養上の世話または診療の補助を行うことを業とする者と規定されている国家資格である。看護師には、保健師助産師看護師法によって守秘義務が定められている。
【発展】傷病者や褥婦に対する療養上の世話または診療の補助などの業務は、看護師でなければ行うことはできないと定められている（看護師の業務独占）。また、看護師でなければ、看護師またはこれに類似する名称を用いてはならないと定められている（看護師の名称独占）"
"診療放射線技師","診療放射線技師とは、診療放射線技師法によって、医師または歯科医師の指示のもとに、放射線を人体に対して照射（撮影を含み、照射機器または放射性同位元素を人体内に挿入して行うものを除く）することを業とする者と規定されている国家資格である。診療放射線技師は、照射業務を行うこと以外に、診療の補助として磁気共鳴画像診断装置・超音波診断装置・眼底写真撮影装置を用いた検査を行うことができると定められている。"
"臨床検査技師","臨床検査技師とは、臨床検査技師等に関する法律によって、医師または歯科医師の指示のもとに、微生物学的検査・血清学的検査・血液学的検査・病理学的検査・寄生虫学的検査、生化学的検査および厚生労働省令で定める生理学的検査を行うことを業とする者と規定されている国家資格である。臨床検査技師は、各種の検査を行うこと以外に、診療の補助として採血を行うことができると定められている。"
"理学療法士（PT：Physical Therapist）","理学療法士とは、理学療法士及び作業療法士法によって、医師の指示のもとに、身体に障害がある者に対し、主としてその基本的動作能力の回復を図るため、治療体操その他の運動を行わせ、および電子刺激、マッサージ、温熱その他の物理的手段を加えること（これを理学療法という）を業とする者と規定されている国家資格である。"
"作業療法士（OT：Occupational Therapist）","作業療法士とは、理学療法士及び作業療法士法によって、医師の指示のもとに、身体または精神に障害がある者に対し、主としてその応用的動作能力または社会的適応能力の回復を図るため、手芸、工作その他の作業を行わせること（これを作業療法という）を業とする者と規定されている国家資格である。"
"言語聴覚士（ST：Speech Therapist）","言語聴覚士とは、言語聴覚士法によって、音声機能、言語機能または聴覚に障害がある者に対し、その機能の維持向上を図るため、言語訓練その他の訓練、これに必要な検査および助言、指導その他の援助を行うこと（これを言語療法という）を業とする者と規定されている国家資格である。"
"能訓練士","視能訓練士とは、視能訓練士法によって、医師の指示のもとに、両眼視機能に障害がある者に対し、その両眼視機能の回復のための矯正訓練およびこれに必要な検査を行うことを業とする者と規定されている国家資格である。"
"臨床工学技士","臨床工学技士とは、臨床工学技士法によって、医師の指示のもとに、人の呼吸、循環または代謝の機能の一部を代替し、または補助することが目的となっている装置（これを生命維持管理装置という）の操作および保守点検を行うことを業とする者と規定されている国家資格である。"
"救急救命士","救急救命士とは、救急救命士法によって、医師の指示のもとに、救急救命処置を行うことを業とする者と規定されている国家資格である。救急救命処置とは、症状が著しく悪化するおそれがあり、または生命が危険な状態にある傷病者が病院または診療所に搬送されるまでの間に、当該重症傷病者に対して行われる気道の確保、心拍の回復その他の処置であって、当該重症病者の症状の著しい悪化を防止し、またはその生命の危険を回避するために緊急に必要なものと規定されている。"
"管理栄養士","管理栄養士とは、栄養士法によって、傷病者に対する療養のため必要な栄養の指導、個人の身体の状況、栄養状態等に応じた高度の専門的知識および技術を要する健康の保持増進のための栄養の指導、ならびに特定多数人に対して継続的に食事を供給する施設における利用者の身体の状況、栄養状態、利用の状況等に応じた特別の配慮を必要とする給食管理およびこれらの施設に対する栄養改善上必要な指導等を行うことを業とする者と規定されている国家資格である。"
"社会福祉士","社会福祉士とは、社会福祉士及び介護福祉士法によって、専門的知識および技術をもって身体上または精神上の障害があること、または環境上の理由により、日常生活を営むのに支障がある者の福祉に関する相談に応じ、助言、指導、福祉サービスを提供する者、または医師その他の保健医療サービスを提供する者、その他の関係者との連絡および調整、その他の援助を行うことを業とする者と規定されている国家資格である。"
"介護福祉士","介護福祉士とは、社会福祉士及び介護福祉士法によって、専門的知識および技術をもって身体上または精神上の障害があることにより日常生活を営むのに支障がある者につき、心身の状況に応じた介護（喀痰吸引等を含む）を行い、ならびにその者およびその介護者に対して介護に関する指導を行うことを業とする者と規定されている国家資格である。"
"ケアマネージャ（介護支援専門員）","介護支援専門員（ケアマネージャ）は、介護支援専門員に関する省令によって、要介護者等が自立した日常生活を営むのに必要な援助に関する専門的知識および技術をもって、要介護者または要支援者からの相談に応じ、および要介護者等がその心身の状況等に応じ適切な居宅サービス・地域密着型サービス・施設サービス・介護予防サービスまたは地域密着型介護予防サービスを利用できるよう市町村、居宅サービス事業を行う者、地域密着型サービスを行う者、介護保険施設等、介護予防サービス事業を行う者、地域密着型介護予防サービス事業を行う者との連絡調整等を行う者と規定されている。"
"医療情報技師","医療情報技師は、一般社団法人日本医療情報学会が認定する民間資格で、保健医療福祉専門職の一員として、医療の特質をふまえ、最適な情報処理技術に基づき、医療情報を安全かつ有効に活用・提供することができる知識・技術および資質を有する者と定義されている。"
"診療情報管理士","診療情報管理士は、一般社団法人日本病院会を中心とした四病院団体協議会および医療研修推進財団が認定する民間資格で、診療録を高い精度で機能させ、そこに含まれるデータや情報を加工、分析、編集し活用することにより医療の安全管理、質の向上、および病院の経営管理に寄与する者と定義されている。"
"人口静態統計","人口静態統計とは、ある一時点における人口数や人口の基本属性を調べた結果で、人口調査によって得られる。わが国における最大の人口調査は、総務省統計局が5年ごとに行う国勢調査である。"
"人口動態統計","人口動態統計とは、ある期間に発生した人口の変動に影響する要因の件数を調べた結果である。人口の変動に影響する要因のことを人口動態事象といい、わが国では、出生、死亡、死産、婚姻、離婚の5事象を調べている。人口動態統計は、厚生労働省が作成する指定統計である。
【発展】出生、死亡、婚姻、離婚については戸籍法に基づいて、死産については死産の届出に関する規程に基づいて届出がなされるので、これを厚生労働省で集計して統計を作成している。"
"平均余命","平均余命とは、ある年齢の人々が、あと何年生きられるかという期待値のことである。"
"平均寿命","平均寿命とは、現在の死亡状況が今後も続くと仮定したとき、生まれたばかりの子どもが平均してあと何年生きられるかを示したものである。平均寿命は、毎年作成される生命表の生命関数である平均余命の１つで、0歳の平均余命のことである。"
"有病率","有病率とは、ある時点における人口集団のなかでの病気をもっている者の割合であり、住民の健康状態の把握によく用いられる指標である。分子にあたる病気をもっている者が、医師によって診断された病気をもっている者ではなく、個々の住民の訴えに基づく病気（いわゆる自覚症状）をもっている者である場合は、有訴者率という。有病率は、生活習慣病などのように慢性に経過する疾患の発生状況を把握するのに向いている。"
"罹患率","罹患率とは、ある期間内に人口集団のなかにおいて新たに病気に罹った者がどれくらいいるかを示した指標である。罹患率は、感染症や食中毒などのように急性に経過する疾患の発生状況を把握するのに向いている。"
"健康日本21","健康日本21は、2000年に厚生省（当時）により策定された21世紀における国民健康づくり運動のことである。
具体的には、生活習慣病の予防を目的とし、生活習慣を改善しようという運動である。なお、健康日本21は2000年度から2012年度までの運動で、2013年度から2022年度までは健康日本21（第二次）として運動が継続されている。
【発展】食生活・栄養、身体活動・運動、休養・心の健康づくり、タバコ、アルコール、歯の健康、糖尿病、循環器病、がんの9つの分野について、具体的な数値目標を設定し、国だけでなく、都道府県・市町村でも、目標の達成に取り組んでいる。"
"健康寿命（health expectancy、healthy life expectancy）","健康寿命は、WHO（World Health Organization）が2000年に公表した言葉で、介護を必要としないで、自立した生活ができる生存期間のことを意味している。わが国では、健康寿命を健康で自立して暮らすことができる期間と定義しており、この健康寿命を延伸することを健康日本21の目標としている。わが国の平成22年の健康寿命は、男70.42年、女73.62年となっている。"
"特定健康診査（特定健診）","特定健康診査（特定健診）は、高齢者の医療の確保に関する法律（高齢者医療確保法）ならびに健康増進法に基づいて、2008年4月から開始された、40歳から74歳までのすべての国民を対象として実施する健康診査のことである。健診項目は、腹囲、BMI、血糖、脂質（中性脂肪およびHDLコレステロール）、血圧、喫煙習慣の有無などである。"
"特定保健指導","特定保健指導は、特定健康診査（特定健診）の結果に基づいて、生活習慣病の発症リスクが高く、生活習慣を改善することによって生活習慣病の予防効果が大きく期待できる者に対して行う保健指導のことである。特定保健指導には、リスクの程度に応じて、動機付け支援、積極的支援などがある。"
"救急医療体制","救急医療体制とは、休日や夜間など、医療機関において通常の診療が行われていない時間帯における診療の受け入れ体制や診療そのものの体制のことを指す。救急医療体制は、通常、比較的軽症な患者を対象とする初期救急（または一次救急）、緊急の治療や入院が必要な重症の患者を対象とする二次救急、二次救急医療機関では対応できない高度の処置が必要で重篤な患者を対象とする三次救急に分けられる。"
"救急医療機関","救急医療機関とは、救急患者を受け入れて、救急患者の診療を行う医療機関のことである。救急医療体制の項目で述べたように、通常、救急医療体制は初期（一次）救急、二次救急、三次救急に分けられるので、それぞれの救急医療を担う医療機関も、初期（一次）救急医療機関（休日・夜間急患センター、在宅当番医制参加診療所）、二次救急医療機関（病院群輪番制参加病院）、三次救急医療機関（救命救急センター）に分けられる。
【発展】救急医療機関のうち、厚生労働省の救急病院等を定める省令に基づいて、都道府県知事が告示し指定する病院を救急指定病院（救急告示病院）という。"
"休日・夜間急患センター","休日・夜間急患センターは、区市町村などが設置主体となって設置されている初期（一次）救急医療機関の１つである。"
"救急医療情報システム","救急医療情報システムは、救急医療機関があらかじめ救急患者の受け入れに関係する情報を入力しておき、救急患者が発生したときに、救急患者の受け入れ可能な病院を迅速に検索するための情報システムである。1998年度から、従来の救急医療情報システムは、大規模災害において行政や医療機関相互で必要とする情報の収集と提供を行うことを主な目的とする広域災害救急医療情報システムへと拡張させている。"
"災害時医療","災害時医療とは、地震、火災、津波などの大規模災害が発生し、対応する側の医療能力を上回るような多数の医療対象者が発生したときに行われる医療を指す。災害時医療には、医療体制、避難場所の準備、食糧支援の確保、PTSDのケア、ボランティアの組織、災害派遣医療チームの連携など、多くの課題がある。"
"トリアージ（triage）","トリアージは、災害時医療において、負傷等の患者が同時に多数発生した場合に、医療体制や設備を考慮しながら傷病者を重症度と緊急度によって選別し、治療や搬送先の優先順位を決定することである。トリアージの判定結果は、4色のマーカー付きカード（これをトリアージ・タグという）で表示され、通常は傷病者の右手首に取り付けられる。
黒:カテゴリ0（死亡群）:死亡、または生命徴候がなく救命の見込みがないもの。
赤:カテゴリⅠ（最優先治療群）:生命に関わる重篤な状態で、一刻も早い処置をすべきもの。
黄:カテゴリⅡ（待機的治療群）:赤ほどではないが、早期に治療をすべきもの。一般に、今すぐ生命に関わる重篤な状態ではないが、処置が必要であり、場合によっては赤に変化する可能性があるもの。
緑:カテゴリⅢ（保留群）:今すぐの処置や搬送の必要はないもの。完全に治療が不要なものも含む。"
"BCP（Business Continuity Plan）","BCP（Business Continuity Plan）とは事業継続計画の略で、自然災害、事故、テロなどの予期しない緊急事態に遭遇したときに、重要業務に対する被害を最小限にとどめ、最低限の事業活動の継続、早期復旧を行うために、事前に策定しておく行動計画のことである。"
"経営企画部門","経営企画部門は、経営者の方針・計画の策定や、その一環として行われるヒト・モノ・カネなどの経営資源の配分を支援する部門である。方針・計画を策定する一環として、組織の現状や市場動向などの情報収集や分析の業務も行うことがある。医療機関においては、自院や保健医療福祉分野、国の施策などが情報収集や分析の対象となる。"
"医療情報部門","医療情報部門は、病院情報システムの構築および運用管理を行う部門である。病院業務のインフラストラクチャ（業務の基盤となる情報システム、インフラ）を、医師等の医療従事者や、事務職員等に提供する。診療情報管理部門と一体化し、システムに蓄積されたデータのコーディング、集計および分析などを行う医療機関もある。"
"ME管理部門","ME（Medical Engineering）管理部門は、臨床工学技士などにより、医療機器の保守および点検を行う部門である。血液浄化部門に置かれている透析装置や、病棟に貸し出される輸液ポンプなどの管理を行い、安全性を確保するとともに、効率的な機器運用に貢献している。"
"外来診療部門","外来診療部門は、外来患者に対して医療サービスを提供する部門である。医師は、病棟と外来を兼務している場合が多い。これに対し、看護師や事務職員等は、外来に専従している場合が多い。眼科や耳鼻咽喉科のように自科検査が発生する診療科では、入院患者の診療も外来診療部門で行うことがある。"
"入院診療部門","入院診療部門は、入院患者に対して医療サービスを提供する部門である。医師や看護師はもとより、昨今ではチーム医療推進の観点から、薬剤師や理学療法士なども担当病棟を持ち、入院診療部門の一員となっている。入院患者の検査や処置、リハビリテーションの一部は、病棟内で実施される。"
"薬剤部門","薬剤部門は、調剤、医薬品の管理、医薬品情報の管理、服薬指導などを行う部門である。おもに薬剤師によって構成されている。外来患者の調剤は院外で行われることが多いので、病院内の薬剤部門が行うのは、おもに入院患者の調剤となる。"
"看護部門","看護部門は、外来患者や入院患者に、注射や採血などの「診療の補助」や、清拭や食事介助などの「療養上の世話」からなる看護サービスを提供する部門である。保健師、助産師、看護師、准看護師および看護補助者で構成されている。"
"中央診療部門","中央診療部門は、臨床検査部門、病理検査部門、画像診断部門、放射線治療部門、内視鏡部門、血液浄化部門、手術・麻酔部門など、各診療科で行われる診断や治療を支援するための部門の総称である。したがって、「中央診療部門」という名称の部署自体は存在しない。"
"臨床検査部門","臨床検査部門は、生理機能検査（患者の生体信号等を直接測定する検査）や、検体検査（血液や尿などの検体を採取して測定する検査）を行う部門である。おもに臨床検査技師で構成されている。外来診療部門に出向き、臨床検査技師が血液などの検体を採取する場合もある。"
"病理検査部門","病理検査部門は、細胞診や組織診を行うための部門である。病理診断は、病理検査部門に所属している医師が行う。そのための標本作成を同部門の臨床検査技師が行う。臨床検査部門の一部署として置かれている病院も多い。"
"画像診断部門（放射線部門）","画像診断部門は、単純撮影、造影検査、CTなど、放射線を用い生体内の構造を画像化する検査を行う部門である。放射線は用いないが、MRIもこの部門で担当する。撮影はおもに診療放射線技師が行う。また、放射線科の医師は、血管造影検査などでカテーテル挿入などの処置を行うほか、撮影後の画像を読影して主治医に報告する業務も行う。"
"放射線治療部門","放射線治療部門は、がん細胞に対して放射線を外部から照射、または線源を体内に埋め込むことによって、がん細胞の消滅や縮小を図る治療を行う部門である。照射部位や照射量を決定する医師と、実際の照射を行う診療放射線技師で構成されている。"
"内視鏡部門（光学診療部門）","内視鏡部門は、胃カメラや気管支ファイバなどを用いて内視鏡検査や治療を行う部門である。内視鏡検査は医師が実施し、その検査介助や前投薬を看護師が行う。一部の検査は、内視鏡を用いながら透視検査を行うので、画像診断部門に隣接して設置されている病院が多い。"
"血液浄化部門","血液浄化部門とは、慢性腎不全などの患者に対して、血液中の不要物を除去するための血液浄化療法（血液透析）を行う部門である。おもに医師、看護師、臨床工学技士で構成されている。"
"輸血部門","輸血部門は、血液製剤や自己血の管理を行う部門をいう。輸血を行う際には、患者の血液と、その血液製剤が不適合でないことを確認する必要があるため、その試験（交叉適合試験：クロスマッチテスト）も輸血部門で行う。おもに臨床検査技師で構成されている。"
"手術・麻酔部門","手術・麻酔部門は、手術を行う際の場所・機材および介助者を診療科の医師に対して提供するとともに、当該患者の麻酔を行う部門である。麻酔科の医師は、術前に患者を診察して、麻酔の適合性や方法の選択を行う。手術中は、診療科の医師が円滑に手術を行えるよう、全身管理を行う。看護師は、場所・機材の管理や手術中の医師の介助を行う。"
"集中治療部門","集中治療部門は、重篤な状態にある患者や大手術後の患者を収容し、集中的に全身管理を行う部門である。医師が常駐するほか、昼夜を問わず手厚い看護師の配置が行われている。すべての診療科が共同利用する部門である。
→ICU、CCU、NICU"
"救急医療部門","救急医療部門は、直接来院する比較的軽症な患者の受け入れ（一次救急）から、生命の危機にある患者の救急搬送（三次救急）まで一貫して行う部門である。軽症患者の場合は、外来診療で完結したり、専門の診療科に引き継ぐなどして入院診療を行う。他方、重症患者の場合は、救急医療部門内の病棟や集中治療室で診療を行い、状態が安定してから専門の診療科に転科する。"
"リハビリテーション部門","リハビリテーション部門は、理学療法、作業療法、言語聴覚療法などを行う部門である。医師のほか、理学療法士、作業療法士、言語聴覚士などで構成されている。リハビリテーション部門内でリハビリを行うほか、病棟などに出向き、ベッドサイドでリハビリを行うことも多い。"
"栄養管理部門","栄養管理部門は、入院患者の献立を決めて給食を行うほか、糖尿病患者などへの栄養指導を行う部門である。献立の決定や栄養指導などは管理栄養士が行うが、実際の調理は外部委託している病院が多い。"
"中央材料部門","中央材料部門は、手術・麻酔部門に隣接していることが多く、手術室や病棟で用いる鋼製小物などの消毒・滅菌を行うほか、ディスポーザブル（使い捨て）の医療機器を管理する部門である。おもに看護師と看護助手とで構成されている。"
"地域医療連携部門","地域医療連携部門は、地域の病院、診療所や介護施設等との関係性を緊密化させることにより、紹介患者の増加を図るとともに、長期入院患者などの退院を支援する部門である。医師、看護師、社会福祉士、事務職員などで構成されている。"
"診療情報管理部門","診療情報管理部門は、診療録の点検・保管などの管理を行うとともに、疾病分類や診療行為分類などのコーディングを行い、診療統計を作成する部門である。おもに診療情報管理士で構成されている。電子カルテシステムの普及により、物の管理から情報の管理に比重が移りつつあるため、医療情報部門と一体化し、診療情報"の二次利用などを支援する医療機関もある。"
"医療安全管理部門","医療安全管理部門は、医療事故やヒヤリハットの事例を収集し、その改善のための業務の見直しや教育などの改善活動を行う部門である。感染管理の分野を含めることもある。おもに医師、看護師、事務職員で構成されている。"
"医事会計部門","医事会計部門は、患者の受付、患者基本情報の登録、診療録の準備、診療後の診療報酬算定、自己負担額の請求、診療報酬請求業務などを行う部門である。入院会計については、病棟に出向いて業務を行うこともある。おもに事務職員で構成されているが、一部の業務を外部委託している病院も多い。"
"物流管理部門（物流センター）","物流管理部門は、診療に用いるディスポーザブルの医療機器や、その他消耗品を管理する部門である。オーダエントリシステムを通じて各部門からの物品の出庫依頼を受け、その物品を出庫する。"
"SPD（Supply Processing and Distribution）","SPDとは、診療に用いる医療機器や、その他消耗品を中央で一元管理し、処置などの診療行為を行う際に、物流管理部門から各部門に払い出す仕組みである。各部門で在庫を持つと余剰在庫が増え、コストが増加するため、中央での一括管理にはコスト削減の効果がある。他方、在庫切れや払出の遅延によって診療に支障を来さないことも重要であるため、専門業者に外部委託することが一般的である。"
"チーム医療","チーム医療とは、「医療に従事する多種多様な医療スタッフが、各々の高い専門性を前提に、目的と情報を共有し、業務を分担しつつも互いに連携・補完し合い、患者の状況に的確に対応した医療を提供すること」である。
【参考】厚生労働省「チーム医療の推進に関する検討会」報告書"
"感染制御チーム（ICT：Infection Control Team）","感染制御チームは、感染対策を効果的に実施していくためのチームである。感染制御を専門とする医師や看護師、および薬剤師や臨床検査技師などの職種で構成される。病棟ラウンド、サーベイランス、 アウトブレークの防止と発生時の早期特定や、感染対策マニュアルの作成などを行う。"
"栄養サポートチーム（NST：Nutrition Support Team）","栄養サポートチームは、栄養管理を多職種で実践・支援するチームである。医師、薬剤師、管理栄養士、看護師、臨床検査技師などの職種で構成される。患者に対する栄養評価などを行い、栄養障害あるいは栄養障害をきたす可能性が高い症例を抽出し、適切な栄養療法を行うための定期的なラウンド、ミーティングなどを実施する。
【参考】日本栄養療法推進協議会「NST稼働施設認定要項」"
"褥創管理チーム","褥瘡管理チームは、入院患者に対するリスク評価をもとに褥瘡予防対策を講ずるとともに、褥瘡が発生した患者の治療を行うチームである。医師、皮膚・排泄ケア認定看護師、薬剤師、管理栄養士などの職種で構成される。"
"摂食嚥下障害・口腔ケアチーム","摂食嚥下障害・口腔ケアチームは、摂食や嚥下の機能に障害のある患者の栄養状態、摂食の状態、口腔内の衛生状態などを評価し、摂食および嚥下機能の訓練を行うチームである。医師、言語聴覚士、管理栄養士、歯科衛生士、看護師などの職種で構成される。"
"緩和ケアチーム","緩和ケアチームは、身体的・精神的な苦痛を和らげるためのケアを提供するチームである。医師、看護師、薬剤師に加え、心理・社会的支援も重視されるため、社会福祉士や臨床心理士などの職種で構成される。"
"調剤","調剤とは、処方せんに基づいて、医薬品を調合することをいう。薬剤師法の規定により、薬剤師の独占業務とされている。"
"製剤","製剤とは、医薬品を、調製することをいう。病院内の薬局や、院外の調剤薬局においても、市販されていない医薬品の製剤業務を行うことがある。"
"麻薬","麻薬とは、麻薬および向精神薬取締法で指定されたオピオイド系の薬物をいう。麻酔や鎮痛の目的で使用されるが、依存性を有するため、施錠された場所に保管するなど厳格な管理が義務付けられている。麻薬処方せんは、麻薬施用者の免許を受けた医師しか発行できない。"
"劇薬","劇薬とは、劇性が強いものとして厚生労働大臣が指定した医薬品という。他の医薬品と区別して保管することが義務付けられている。"
"毒薬","毒薬とは、毒性が強いものとして厚生労働大臣が指定した医薬品をいう。他の医薬品と区別し、施錠して保管することが義務付けられている。おもに抗がん剤などで用いられる。"
"向精神薬","向精神薬とは、中枢神経系に作用して、精神機能に影響を及ぼす医薬品をいう。施錠またはこれに準じた扱い注意のもとで保管することが義務付けられている。おもに麻酔薬や抗てんかん薬などで用いられる。"
"麻薬施用者免許","麻薬施用者免許とは、疾病を治療する目的で、患者に麻薬を投与したり、麻薬処方せんを交付したりすることができる免許である。医師や歯科医師に対して、都道府県知事が交付する。"
"処方せん","処方せんとは、患者の氏名、年齢、薬剤の名称、分量、用法、用量、発行の年月日、使用期間を記載し、医師や歯科医師が記名押印または署名して交付する文書である。医療用医薬品の多くは、処方せんがなければ購入することができない。処方せんの様式は、保険医療機関及び保険医療養担当規則により定められている。"
"処方監査","処方監査とは、薬剤師が、処方せんに記載された薬剤の名称、分量、用法および用量が適切かどうかを監査することである。監査は監督し検査すること、鑑査は鑑定し審査することから、「処方鑑査」とするのは誤用である。"
"調剤鑑査","調剤鑑査とは、薬剤師が、調合された薬剤と処方せんとを照合し、氏名、薬剤の名称、分量、用法、用量などに間違いがないか鑑査することである。監査は監督し検査すること、鑑査は鑑定し審査することから、「調剤監査」とするのは誤用である。"
"服薬指導","服薬指導とは、薬物療法の効果を高めることを目的に、薬剤師が患者に対し、処方された薬剤の名称、分量、用法および用量や効能、注意すべき副作用などの情報を提供することをいう。"
"薬剤管理指導","薬剤管理指導とは、薬物療法の効果を高めることを目的に、薬剤師が服薬指導や服薬管理、薬歴管理、医師や看護師等との情報共有を行うことをいう。"
"疑義照会","疑義照会とは、薬剤師が処方せんに疑わしい点があると判断し、医師や歯科医師に問い合わせることをいう。薬剤師法では、この疑わしい点を確かめるまでは、調剤することを禁じている。"
"医薬品情報（DI：Drug Information）","医薬品情報とは、医薬品の適正使用のための安全性や有効性に関する情報全般をいう。医療法では、特定機能病院と地域医療支援病院に、このような情報を取り扱うため医薬品情報管理室の設置を義務付けている。"
"入院","入院とは、病棟に入り、昼夜のその管理下で医療を受けることをいう。保険医療機関及び保険医療養担当規則により、その患者に入院医療が必要な状態と医師が判断した場合に限って入院させることが認められている。"
"外来","外来とは、病棟に入院せずに医療を受けることをいう。診療や検査、リハビリテーションなどに加え、手術、透析、化学療法などを行うことも可能である。"
"病棟","病棟とは、患者が入院するための施設をいう。医療法上の許可を受け、その範囲内で設置する。医療法では、その病棟の目的により、一般病床、療養病床、精神病床、感染症病床、結核病床の区分がある。診療報酬制度では、これらの医療法上の区分内で、更に細かく病床の種別を届出することが義務づけられている。"
"看護単位","看護単位とは、看護職が勤務している部署の"単位をいう。例えば病棟であれば一病棟が１つの看護単位になり、看護師長によって管理される。病棟のほか、外来、手術室などもそれぞれ看護単位となる。
"看護方式","看護方式とは、看護師が患者を受け持つ際の方式である。複数の患者に対し、一定人数の看護師がチームとなって受け持つ「チームナーシング」や、担当の看護師が日々受け持つ「プライマリーナーシング」等がある。"
"交代制勤務","交代制勤務とは、24時間絶え間ない医療を提供するために、看護師などを交代で勤務させる仕組みである。例えば、朝から夕方までの「日勤」、夕方から深夜までの「準夜勤」、深夜から翌朝までの「深夜勤」からなる「三交代制勤務」などが存在する。"
"臨床検査","臨床検査とは、検体検査、生理検査を総括したものである。"
"検体検査","検体検査とは、患者から採取した全ての材料（血液や尿、便、細胞など）を対象とした検査である。検体検査は検査の手法による分類として、一般検査、血液学検査、免疫血清学検査、（臨床）生化学検査、細菌（学）検査または微生物学検査、遺伝子検査、染色体検査、輸血（学）検査、病理（学）検査、細胞検査などに大別される。なお、病理組織診や細胞診は、検査行為の延長線上にある診断行為といえる。検体の採取は、その検体の種類により、医師、臨床検査技師、看護師など複数の職種が担当する。検体の分析は、おもに臨床検査技師が行う。"
"生理機能検査（生理検査）","生理機能検査とは、患者の生体を直接的に調べる検査である。心電図検査、脳波検査、呼吸機能検査などがある。検査の種類により、医師、臨床検査技師などが担当する。"
"病理組織検査","病理組織検査とは、身体の臓器や、その組織の一部あるいは細胞を顕微鏡によって観察し、悪性新生物などの診断を行う検査である。診断は病理医が行うが、検体の作成などは病理組織検査を専門とする臨床検査技師が行う。"
"病理解剖","病理解剖とは、亡くなった患者の病名や死因の解明や治療効果の確認などを目的に行う解剖である。事件性がある遺体についてその原因を調べるために行う解剖は、行政解剖や司法解剖という。"
"精度管理","精度管理とは、製品のバラツキを最小とする生産管理であるが、医療においては、測定値を正しく把握できるようにするため、測定機器のメンテナンスや測定手法の改善を行うことをいう。臨床検査技師が自施設で行うものと、他施設の測定値と十分な同一性を有しているかどうか把握するために外部で行うものがある。
【発展】検体の偶発的誤差を検出するために、同じ患者の前回測定値と比較する方法なども取り入れられている。"
"画像診断","画像診断とは、放射線、磁気、超音波などを用いることで、体内の状態を明らかにし、診断を行う方法である。撮影は、検査の種類によって診療放射線技師や臨床検査技師が行う。これを診断するのは、放射線科などの医師が行う。"
"核医学検査","核医学検査とは、放射性医薬品を体内に投与し、特定の臓器に集まった放射性同位元素（ラジオアイソトープ）から発せられるガンマ線を、体外からガンマカメラで捉えて画像にする検査法である。"
"照射録","照射録とは、診療放射線技師が人体に放射線を照射した際に、作成が義務付けられている書類である。患者の氏名や、照射の方法を記載するほか、その指示をした医師や歯科医師の署名も必要とされている。"
"集中治療室（ICU：Intensive Care Unit）","集中治療室とは、意識障害、呼吸不全、急性心不全や大手術後など重篤な状態にある患者に対して、集中的な治療を行う病棟である。医師の常駐や、患者2人に対して看護師1人の配置が義務づけられている。"
"冠動脈疾患治療室（CCU：Coronary Care Unit）","冠動脈疾患治療室とは、急性心筋梗塞など冠動脈疾患の患者に対して、集中的な治療を行う病棟である。診療報酬制度上の病棟名ではないので、医師や看護師の配置に関する定めはない。"
"新生児集中治療室（NICU：Neonatal Intensive Care Unit）","新生児集中治療室は、低出生体重児などにより重篤な状態にある患児に対して、集中的な治療を行う病棟である。医師の常駐や、患者3人に対して看護師1人の配置が義務づけられている。"